adamk = adamk <adamk@cpan.org>
amire80 =  Amir E. Aharoni <amir.aharoni@mail.huji.ac.il>
ash =  Andrew Shitov <andy@shitov.ru>
azawawi = azawawi <ahmad.zawawi@gmail.com>
bennie = Phillip Pollard <bennie@cpan.org>
BlueT = BlueT <BlueT@BlueT.org>
bowtie = kevindawson <bowtie@cpan.org>
bricas =  Brian Cassidy <bricas@cpan.org>
bruck =  Uri Bruck <uri@bruck.co.il>
brunov =  Bruno Vecchi <vecchi.b@gmail.com>
burak =  Burak Gürsoy <burakgursoy@gmx.net>
chorny = chorny <alexchorny@gmail.com>
ChrisDolan =  Chris Dolan <chris+github@chrisdolan.net>
claudio = nxadm <pub.claudio@gmail.com>
code4pay = code4pay
Corion = Max Maischein <corion@cpan.org>
CSJewell =  Curtis Jewell <csjewell@cpan.org>
dam = dam <dam+cpan@ktnx.net>
dapatrick = dap <dapatrick@cpan.org>
daxim =  Lars Dɪᴇᴄᴋᴏᴡ 迪拉斯 <daxim@cpan.org>
ddn123456 = ddn123456 <dirkdn@cpan.org>
dolmen = Olivier Mengué <dolmen@cpan.org>
eilara = eilara <ran.eilam@gmail.com>
evil = evil <evil@evil.cz>
fayland = fayland <fayland@gmail.com>
gabrielmad = gabrielmad
garu = Breno G. de Oliveira <garu@cpan.org>
getty = Getty <torsten@raudss.us>
gyu = gyu <pasztor@fsn.hu>
hashbangperl =  Aaron Trevena <aaron.trevena@gmail.com>
hjansen = heikojansen <hjansen@cpan.org>
holli = holli <holli.holzer@googlemail.com>
ishigaki = ishigaki <ishigaki@cpan.org>
jagd = jagd
jquelin =  Jérôme Quelin <jquelin@gmail.com>
jurre =  Jurre <jurrestender+github@gmail.com>
kaare = Kaare Rasmussen <kaare@cpan.org>
karl.forner = karl.forner
keedi =  Keedi Kim <keedi.k@gmail.com>
KJETIL = KJETIL <kjetil.skotheim@usit.uio.no>
kthakore =  Kartik Thakore <thakore.kartik@gmail.com>
markd = markd <mark-daglish@blueyonder.co.uk>
mattp = mphill22 <mattp@cpan.org>
meorero =  Oren Maurer <meorero@gmail.com>
mgrimes =  Mark Grimes <mark@stateful.net>
missingthepoint = missingthepoint
mmaslano = mmaslano
MoC =  Tijn Kuyper <github@tijnkuyper.nl>
mohsen = mohsen
mulander = mulander
Mutant = Sam Crawley <mutant@cpan.org>
nferraz =  Nelson Ferraz <nferraz@gmail.com>
offer.kaye = offer.kaye
PacoLinux = PacoLinux
patspam =  Patrick Donelan <pat@patspam.com>
perlpilot = perlpilot <duff@pobox.com>
pmurias = pmurias <pawelmurias@gmail.com>
pshangov =  Peter Shangov <pshangov@yahoo.com>
rehsack =  Jens Rehsack <rehsack@gmail.com>
reneeb = reneeb <module@renee-baecker.de>
rhebus = rhebus
Robert = Robert <robert@cpan.org>
ryan52 =  Ryan Niebur <RyanRyan52@gmail.com>
sblandin = sblandin
Sewi = Sewi <sewi@cpan.org>
sharifulin = sharifulin <sharifulin@gmail.com>
shlomif = shlomif <shlomif@shlomifish.org>
submersible_toaster = submersible_toaster
SvenDowideit = SvenDowideit <SvenDowideit@home.org.au>
szabgab = szabgab <szabgab@gmail.com>
thecrux = thecrux
therek =  Cezary Morga <cm@therek.net>
tome = Tom Eliaz <tom@tomeliaz.com>
tsee =  Steffen Müller <smueller@cpan.org>
vrobin = vrobin <vrobin@cpan.org>
waxhead = waxhead
zenogantner = Zeno Gantner <zeno.gantner@gmail.com>
zipf = zipf <blas.gordon@gmail.com>

